MAKE,MODEL,VEHICLE_CLASS,ENGINE_SIZE,CYLINDERS,TRANSMISSION,FUEL,COEMISSIONS,CONSUMPTION
ACURA,1.6EL,COMPACT,1.6,4,A4,X,216,10.5
ACURA,1.6EL,COMPACT,1.6,4,M5,X,205,9.8
ACURA,3.2TL,MID-SIZE,3.2,6,AS5,Z,265,13.7
ACURA,3.5RL,MID-SIZE,3.5,6,A4,Z,301,15
ACURA,INTEGRA,SUBCOMPACT,1.8,4,A4,X,230,11.4
ACURA,INTEGRA,SUBCOMPACT,1.8,4,M5,X,219,10.6
ACURA,INTEGRA GSR/TYPE R,SUBCOMPACT,1.8,4,M5,Z,223,10.8
ACURA,NSX,SUBCOMPACT,3,6,AS4,Z,306,15.2
ACURA,NSX,SUBCOMPACT,3.2,6,M6,Z,306,15.4
AUDI,A4,COMPACT,1.8,4,A5,Z,251,12.9
AUDI,A4,COMPACT,1.8,4,M5,Z,223,11.1
AUDI,A4,COMPACT,2.8,6,A5,Z,285,14.6
AUDI,A4,COMPACT,2.8,6,M5,Z,260,13.2
AUDI,A4 QUATTRO,COMPACT,1.8,4,A5,Z,267,13.6
AUDI,A4 QUATTRO,COMPACT,1.8,4,M5,Z,246,12.1
AUDI,A4 QUATTRO,COMPACT,2.8,6,A5,Z,292,14.9
AUDI,A4 QUATTRO,COMPACT,2.8,6,M5,Z,288,14.3
AUDI,A6,MID-SIZE,2.8,6,A5,Z,294,15
AUDI,A6 AVANT QUATTRO,STATION WAGON - MID-SIZE,2.8,6,A5,Z,306,15.4
AUDI,A6 QUATTRO,MID-SIZE,2.7,6,A5,Z,304,15.2
AUDI,A6 QUATTRO,MID-SIZE,2.7,6,M6,Z,304,15.2
AUDI,A6 QUATTRO,MID-SIZE,2.8,6,A5,Z,306,15.4
AUDI,A6 QUATTRO,MID-SIZE,2.8,6,M5,Z,297,14.6
AUDI,A6 QUATTRO,MID-SIZE,4.2,8,A5,Z,308,15.5
AUDI,A8 QUATTRO,MID-SIZE,4.2,8,A5,Z,308,15.5
AUDI,S4 QUATTRO,COMPACT,2.7,6,A5,Z,304,15.2
AUDI,S4 QUATTRO,COMPACT,2.7,6,M6,Z,304,15.2
AUDI,TT COUPE QUATTRO,MINICOMPACT,1.8,4,M5,Z,260,13.1
AUDI,TT COUPE QUATTRO (SUPERCHARGED),MINICOMPACT,1.8,4,M6,Z,260,13.1
AUDI,TT ROADSTER,TWO-SEATER,1.8,4,M5,Z,246,12.3
AUDI,TT ROADSTER QUATTRO (SUPERCHARGED),TWO-SEATER,1.8,4,M6,Z,260,13.1
BMW,323 CONVERTIBLE,COMPACT,2.5,6,A5,Z,292,14.6
BMW,323 CONVERTIBLE,COMPACT,2.5,6,M5,Z,281,13.9
BMW,323Ci,COMPACT,2.5,6,A5,Z,271,13.8
BMW,323Ci,COMPACT,2.5,6,M5,Z,258,13
BMW,323i,COMPACT,2.5,6,A5,Z,271,13.8
BMW,323i,COMPACT,2.5,6,M5,Z,258,13
BMW,328Ci,COMPACT,2.8,6,A5,Z,274,13.9
BMW,328Ci,COMPACT,2.8,6,M5,Z,258,13
BMW,328i,COMPACT,2.8,6,A5,Z,274,13.9
BMW,328i,COMPACT,2.8,6,M5,Z,258,13
BMW,528i,COMPACT,2.8,6,A4,Z,288,14.6
BMW,528i,COMPACT,2.8,6,M5,Z,258,13
BMW,528i TOURING,STATION WAGON - SMALL,2.8,6,A4,Z,288,14.6
BMW,528i TOURING,STATION WAGON - SMALL,2.8,6,M5,Z,285,14.5
BMW,540i,COMPACT,4.4,8,A5,Z,294,14.7
BMW,540i,COMPACT,4.4,8,M6,Z,317,16.4
BMW,540i TOURING,STATION WAGON - SMALL,4.4,8,A5,Z,320,15.5
BMW,740i,MID-SIZE,4.4,8,A5,Z,308,15.4
BMW,740iL,FULL-SIZE,4.4,8,A5,Z,308,15.4
BMW,750iL,FULL-SIZE,5.4,12,A5,Z,373,19.1
BMW,M COUPE,TWO-SEATER,3.2,6,M5,Z,281,13.9
BMW,M ROADSTER,MINICOMPACT,3.2,6,M5,Z,281,13.9
BMW,M5,COMPACT,4.9,8,M6,Z,375,19.6
BMW,X5,SUV,4.4,8,A5,Z,294,14.9
BMW,Z3,SUBCOMPACT,2.5,6,A4,Z,278,14
BMW,Z3,SUBCOMPACT,2.5,6,M5,Z,267,13.4
BMW,Z3,SUBCOMPACT,2.8,6,A4,Z,278,13.9
BMW,Z3,SUBCOMPACT,2.8,6,M5,Z,278,13.9
BMW,Z8,TWO-SEATER,4.9,8,M6,Z,380,19.3
BUICK,CENTURY,MID-SIZE,3.1,6,A4,X,255,13.1
BUICK,LESABRE,FULL-SIZE,3.8,6,A4,X,265,13.8
BUICK,PARK AVENUE,FULL-SIZE,3.8,6,A4,X,276,14.4
BUICK,PARK AVENUE #,FULL-SIZE,3.8,6,A4,Z,290,15.1
BUICK,REGAL,MID-SIZE,3.8,6,A4,X,262,13.5
BUICK,REGAL #,MID-SIZE,3.8,6,A4,Z,290,15.1
CADILLAC,CATERA,MID-SIZE,3,6,A4,Z,294,14.7
CADILLAC,DEVILLE,FULL-SIZE,4.6,8,A4,Z,297,15.5
CADILLAC,ELDORADO,MID-SIZE,4.6,8,A4,Z,297,15.5
CADILLAC,ESCALADE 4X4,SUV,5.7,8,A4,X,430,21.2
CADILLAC,SEVILLE,MID-SIZE,4.6,8,A4,Z,297,15.5
CHEVROLET,ASTRO AWD CARGO,VAN - CARGO,4.3,6,A4,X,350,17
CHEVROLET,ASTRO AWD PASSENGER,VAN - PASSENGER,4.3,6,A4,X,359,17.4
CHEVROLET,ASTRO CARGO,VAN - CARGO,4.3,6,A4,X,336,16.2
CHEVROLET,ASTRO PASSENGER,VAN - PASSENGER,4.3,6,A4,X,368,17.7
CHEVROLET,BLAZER,SUV,4.3,6,A4,X,336,16.2
CHEVROLET,BLAZER,SUV,4.3,6,M5,X,327,16.3
CHEVROLET,BLAZER 4X4,SUV,4.3,6,A4,X,350,16.9
CHEVROLET,BLAZER 4X4,SUV,4.3,6,M5,X,386,18.7
CHEVROLET,C1500 SILVERADO,PICKUP TRUCK - STANDARD,4.3,6,A4,X,368,17.7
CHEVROLET,C1500 SILVERADO,PICKUP TRUCK - STANDARD,4.3,6,M5,X,384,18.5
CHEVROLET,C1500 SILVERADO,PICKUP TRUCK - STANDARD,4.8,8,A4,X,334,16.3
CHEVROLET,C1500 SILVERADO,PICKUP TRUCK - STANDARD,4.8,8,M5,X,373,18.9
CHEVROLET,C1500 SILVERADO,PICKUP TRUCK - STANDARD,5.3,8,A4,X,343,16.7
CHEVROLET,C2500 SILVERADO,PICKUP TRUCK - STANDARD,5.3,8,A4,X,373,17.9
CHEVROLET,C2500 SILVERADO,PICKUP TRUCK - STANDARD,6,8,A4,X,435,21.4
CHEVROLET,CAMARO,SUBCOMPACT,3.8,6,A4,X,269,13.9
CHEVROLET,CAMARO,SUBCOMPACT,3.8,6,M5,X,262,13.7
CHEVROLET,CAMARO,SUBCOMPACT,5.7,8,A4,Z,306,15.4
CHEVROLET,CAMARO,SUBCOMPACT,5.7,8,M6,Z,285,14.7
CHEVROLET,CAVALIER,SUBCOMPACT,2.2,4,A4,X,232,11.6
CHEVROLET,CAVALIER,SUBCOMPACT,2.2,4,M5,X,235,12.2
CHEVROLET,CAVALIER,SUBCOMPACT,2.4,4,A4,X,248,12.5
CHEVROLET,CAVALIER,SUBCOMPACT,2.4,4,M5,X,235,12.1
CHEVROLET,CAVALIER BIFUEL,SUBCOMPACT,2.2,4,A3,X,242,11.8
CHEVROLET,CORVETTE,SUBCOMPACT,5.7,8,A4,Z,308,15.5
CHEVROLET,CORVETTE,SUBCOMPACT,5.7,8,M6,Z,278,14.4
CHEVROLET,G15/G25 CHEVY VAN,VAN - CARGO,4.3,6,A4,X,368,17.8
CHEVROLET,G15/G25 CHEVY VAN,VAN - CARGO,5,8,A4,X,373,18.2
CHEVROLET,G15/G25 CHEVY VAN,VAN - CARGO,5.7,8,A4,X,398,19.3
CHEVROLET,G1500/G2500 CHEVY EXPRESS,VAN - PASSENGER,4.3,6,A4,X,380,18.3
CHEVROLET,G1500/G2500 CHEVY EXPRESS,VAN - PASSENGER,5,8,A4,X,384,18.5
CHEVROLET,G1500/G2500 CHEVY EXPRESS,VAN - PASSENGER,5.7,8,A4,X,426,20.6
CHEVROLET,IMPALA,FULL-SIZE,3.4,6,A4,X,260,13.6
CHEVROLET,IMPALA,FULL-SIZE,3.8,6,A4,X,262,13.5
CHEVROLET,K1500 SILVERADO 4X4,PICKUP TRUCK - STANDARD,4.3,6,A4,X,350,17
CHEVROLET,K1500 SILVERADO 4X4,PICKUP TRUCK - STANDARD,4.3,6,M5,X,386,18.7
CHEVROLET,K1500 SILVERADO 4X4,PICKUP TRUCK - STANDARD,4.8,8,A4,X,366,17.3
CHEVROLET,K1500 SILVERADO 4X4,PICKUP TRUCK - STANDARD,4.8,8,M5,X,405,20.1
CHEVROLET,K1500 SILVERADO 4X4,PICKUP TRUCK - STANDARD,5.3,8,A4,X,377,18
CHEVROLET,K1500 TAHOE 4X4,SUV,5.7,8,A4,X,430,21.1
CHEVROLET,LUMINA/MONTE CARLO,MID-SIZE,3.4,6,A4,X,260,13.6
CHEVROLET,LUMINA/MONTE CARLO,MID-SIZE,3.8,6,A4,X,262,13.5
CHEVROLET,MALIBU,MID-SIZE,3.1,6,A4,X,255,13.1
CHEVROLET,METRO,SUBCOMPACT,1,3,M5,X,147,7.1
CHEVROLET,METRO,SUBCOMPACT,1.3,4,A3,X,191,9.1
CHEVROLET,METRO,SUBCOMPACT,1.3,4,M5,X,156,7.6
CHEVROLET,NEW C1500 SUBURBAN,SUV,5.3,8,A4,X,391,18.9
CHEVROLET,NEW C1500 TAHOE,SUV,4.8,8,A4,X,391,18.7
CHEVROLET,NEW C1500 TAHOE,SUV,5.3,8,A4,X,391,18.9
CHEVROLET,NEW K1500 TAHOE 4X4,SUV,4.8,8,A4,X,391,18.7
CHEVROLET,NEW K1500 TAHOE 4X4,SUV,5.3,8,A4,X,391,18.9
CHEVROLET,S10,PICKUP TRUCK - SMALL,2.2,4,A4,X,278,13.8
CHEVROLET,S10,PICKUP TRUCK - SMALL,2.2,4,M5,X,246,12.2
CHEVROLET,S10,PICKUP TRUCK - SMALL,4.3,6,A4,X,313,15.4
CHEVROLET,S10,PICKUP TRUCK - SMALL,4.3,6,M5,X,322,16.1
CHEVROLET,S10 4X4,PICKUP TRUCK - STANDARD,4.3,6,A4,X,345,16.8
CHEVROLET,S10 4X4,PICKUP TRUCK - STANDARD,4.3,6,M5,X,329,16.3
CHEVROLET,TRACKER 4X4,SUV,2,4,A4,X,251,11.7
CHEVROLET,TRACKER 4X4,SUV,2,4,M5,X,255,11.9
CHEVROLET,TRACKER CONVERTIBLE 4X4,SUV,1.6,4,M5,X,228,10.5
CHEVROLET,TRACKER CONVERTIBLE 4X4,SUV,2,4,A4,X,251,11.7
CHEVROLET,TRACKER CONVERTIBLE 4X4,SUV,2,4,M5,X,255,11.9
CHEVROLET,VENTURE,MINIVAN,3.4,6,A4,X,281,14
CHRYSLER,300M,FULL-SIZE,3.5,6,AS4,X,283,14.4
CHRYSLER,CIRRUS,MID-SIZE,2.4,4,A4,X,265,13.4
CHRYSLER,CIRRUS,MID-SIZE,2.5,6,A4,X,269,13.6
CHRYSLER,CONCORDE,FULL-SIZE,2.7,6,A4,X,260,13.2
CHRYSLER,CONCORDE,FULL-SIZE,3.2,6,A4,X,276,14.2
CHRYSLER,INTREPID,FULL-SIZE,2.7,6,A4,X,260,13.2
CHRYSLER,INTREPID,FULL-SIZE,2.7,6,AS4,X,258,13.2
CHRYSLER,INTREPID,FULL-SIZE,3.2,6,AS4,X,274,14.2
CHRYSLER,INTREPID,FULL-SIZE,3.5,6,AS4,X,283,14.4
CHRYSLER,LHS,FULL-SIZE,3.5,6,A4,X,288,14.7
CHRYSLER,NEON,COMPACT,2,4,A3,X,223,10.9
CHRYSLER,NEON,COMPACT,2,4,M5,X,198,9.6
CHRYSLER,PT CRUISER,SUBCOMPACT,2.4,4,A4,X,276,13.4
CHRYSLER,PT CRUISER,SUBCOMPACT,2.4,4,M5,X,269,13.2
CHRYSLER,SEBRING,COMPACT,2.5,6,A4,X,267,13.5
CHRYSLER,SEBRING CONVERTIBLE,COMPACT,2.5,6,A4,X,269,13.6
CHRYSLER,SEBRING CONVERTIBLE,COMPACT,2.5,6,AS4,X,288,14.7
CHRYSLER,TOWN & COUNTRY,MINIVAN,3.8,6,A4,X,304,15.2
CHRYSLER,TOWN & COUNTRY AWD,MINIVAN,3.8,6,A4,X,320,16.2
DAEWOO,LANOS,SUBCOMPACT,1.5,4,A4,X,216,11.3
DAEWOO,LANOS,SUBCOMPACT,1.5,4,M5,X,205,10.3
DAEWOO,LANOS,SUBCOMPACT,1.6,4,A4,X,225,11.6
DAEWOO,LANOS,SUBCOMPACT,1.6,4,M5,X,207,10.4
DAEWOO,LEGANZA,COMPACT,2.2,4,A4,X,265,13.4
DAEWOO,LEGANZA,COMPACT,2.2,4,M5,X,258,13.1
DAEWOO,NUBIRA,COMPACT,2,4,A4,X,239,12
DAEWOO,NUBIRA,COMPACT,2,4,M5,X,237,11.9
DAEWOO,NUBIRA WAGON,STATION WAGON - SMALL,2,4,A4,X,239,12
DAEWOO,NUBIRA WAGON,STATION WAGON - SMALL,2,4,M5,X,237,11.9
DODGE,CARAVAN,MINIVAN,3,6,A4,X,290,14.6
DODGE,CARAVAN,MINIVAN,3.3,6,A4,X,288,14.5
DODGE,CARAVAN,MINIVAN,3.8,6,A4,X,304,15.2
DODGE,CARAVAN FFV,MINIVAN,3.3,6,A4,X,288,14.5
DODGE,CARAVAN FFV,MINIVAN,3.3,6,A4,E,283,20.6
DODGE,DAKOTA,PICKUP TRUCK - STANDARD,3.9,6,A4,X,331,16.3
DODGE,DAKOTA,PICKUP TRUCK - STANDARD,3.9,6,M5,X,329,16.8
DODGE,DAKOTA,PICKUP TRUCK - STANDARD,4.7,8,A4,X,357,17.6
DODGE,DAKOTA,PICKUP TRUCK - STANDARD,4.7,8,M5,X,363,18.3
DODGE,DAKOTA,PICKUP TRUCK - STANDARD,5.9,8,A4,X,423,20.8
DODGE,DAKOTA 4X4,PICKUP TRUCK - STANDARD,3.9,6,A4,X,375,18.1
DODGE,DAKOTA 4X4,PICKUP TRUCK - STANDARD,3.9,6,M5,X,386,19.1
DODGE,DAKOTA 4X4,PICKUP TRUCK - STANDARD,4.7,8,A4,X,370,18.3
DODGE,DAKOTA 4X4,PICKUP TRUCK - STANDARD,4.7,8,M5,X,382,18.8
DODGE,DAKOTA 4X4,PICKUP TRUCK - STANDARD,5.9,8,A4,X,444,22.3
DODGE,DURANGO 4X4,SUV,4.7,8,A4,X,389,19.3
DODGE,DURANGO 4X4,SUV,5.9,8,A4,X,444,22.3
DODGE,DURANGO 5.9 R/T 4X4,SUV,5.9,8,A4,Z,444,22.3
DODGE,GRAND CARAVAN,MINIVAN,3,6,A4,X,290,14.6
DODGE,GRAND CARAVAN,MINIVAN,3.3,6,A4,X,288,14.5
DODGE,GRAND CARAVAN,MINIVAN,3.8,6,A4,X,304,15.2
DODGE,GRAND CARAVAN,MINIVAN,3.8,6,AS4,X,308,15.5
DODGE,GRAND CARAVAN AWD,MINIVAN,3.8,6,A4,X,320,16.2
DODGE,GRAND CARAVAN AWD,MINIVAN,3.8,6,AS4,X,324,16.4
DODGE,GRAND CARAVAN FFV,MINIVAN,3.3,6,A4,X,288,14.5
DODGE,GRAND CARAVAN FFV,MINIVAN,3.3,6,A4,E,283,20.6
DODGE,RAM 1500,PICKUP TRUCK - STANDARD,3.9,6,A4,X,350,17.3
DODGE,RAM 1500,PICKUP TRUCK - STANDARD,3.9,6,M5,X,345,17.4
DODGE,RAM 1500,PICKUP TRUCK - STANDARD,5.2,8,A4,X,396,20
DODGE,RAM 1500,PICKUP TRUCK - STANDARD,5.2,8,M5,X,396,20.2
DODGE,RAM 1500,PICKUP TRUCK - STANDARD,5.9,8,A4,X,416,21.5
DODGE,RAM 1500 4X4,PICKUP TRUCK - STANDARD,5.2,8,A4,X,435,21.6
DODGE,RAM 1500 4X4,PICKUP TRUCK - STANDARD,5.2,8,M5,X,437,22.1
DODGE,RAM 1500 4X4,PICKUP TRUCK - STANDARD,5.9,8,A4,X,426,21.6
DODGE,RAM 1500 VAN,VAN - CARGO,3.9,6,A3,X,377,17.6
DODGE,RAM 1500 VAN,VAN - CARGO,5.2,8,A4,X,386,19.6
DODGE,RAM 1500 VAN,VAN - CARGO,5.9,8,A4,X,423,20.8
DODGE,RAM 1500 WAGON,VAN - PASSENGER,3.9,6,A3,X,393,18.3
DODGE,RAM 1500 WAGON,VAN - PASSENGER,5.2,8,A4,X,393,20
DODGE,RAM 2500 VAN,VAN - CARGO,5.2,8,A4,X,393,20
DODGE,RAM 2500 VAN,VAN - CARGO,5.9,8,A4,X,416,21.5
DODGE,RAM 2500 VAN NGV,VAN - CARGO,5.2,8,A4,N,353,20.8
DODGE,RAM 2500 WAGON,VAN - PASSENGER,5.2,8,A4,X,444,21.8
DODGE,RAM 2500 WAGON,VAN - PASSENGER,5.9,8,A4,X,423,21.8
DODGE,VIPER GTS,SUBCOMPACT,8,10,M6,Z,396,21.4
DODGE,VIPER RT/10,SUBCOMPACT,8,10,M6,Z,396,21.4
FERRARI,360 MODENA F1,TWO-SEATER,3.6,8,AS6,Z,474,24.6
FERRARI,360 MODENA F1,TWO-SEATER,3.6,8,M6,Z,472,24.1
FERRARI,456 MGT,SUBCOMPACT,5.5,12,A4,Z,513,26.7
FERRARI,456 MGT,SUBCOMPACT,5.5,12,M6,Z,495,26.3
FERRARI,456 MGTA,SUBCOMPACT,5.5,12,A4,Z,513,26.7
FERRARI,456 MGTA,SUBCOMPACT,5.5,12,M6,Z,495,26.3
FERRARI,550 MARANELLO,SUBCOMPACT,5.5,12,M6,Z,582,30.2
FORD,COUGAR,COMPACT,2,4,M5,X,219,11.1
FORD,COUGAR,COMPACT,2.5,6,A4,X,260,13.1
FORD,COUGAR,COMPACT,2.5,6,M5,X,260,13.3
FORD,CROWN VICTORIA,FULL-SIZE,4.6,8,A4,X,299,15.1
FORD,E150 CLUB WAGON,VAN - PASSENGER,4.2,6,A4,X,393,19.1
FORD,E150 CLUB WAGON,VAN - PASSENGER,4.6,8,A4,X,382,18.8
FORD,E150 CLUB WAGON,VAN - PASSENGER,5.4,8,A4,X,403,19.9
FORD,E150 VAN,VAN - CARGO,4.2,6,A4,X,389,19
FORD,E150 VAN,VAN - CARGO,4.6,8,A4,X,359,17.8
FORD,E150 VAN,VAN - CARGO,5.4,8,A4,X,363,17.9
FORD,E250 VAN,VAN - CARGO,4.2,6,A4,X,391,19.1
FORD,E250 VAN,VAN - CARGO,5.4,8,A4,X,403,20.2
FORD,ESCORT ZX2,COMPACT,2,4,A4,X,216,10.6
FORD,ESCORT ZX2,COMPACT,2,4,M5,X,216,10.6
FORD,EXPEDITION,SUV,4.6,8,A4,X,359,17.8
FORD,EXPEDITION,SUV,5.4,8,A4,X,403,20.2
FORD,EXPEDITION 4X4,SUV,4.6,8,A4,X,391,19.3
FORD,EXPEDITION 4X4,SUV,5.4,8,A4,X,426,21.1
FORD,EXPLORER,SUV,4,6,M5,X,304,14.9
FORD,EXPLORER,SUV,5,8,A4,X,368,18.4
FORD,EXPLORER 4X4,SUV,4,6,M5,X,336,16.4
FORD,EXPLORER 4X4,SUV,5,8,A4,X,373,18.7
FORD,EXPLORER OHV,SUV,4,6,A5,X,357,17.1
FORD,EXPLORER OHV 4X4,SUV,4,6,A5,X,352,17.3
FORD,EXPLORER SOHC,SUV,4,6,A5,X,336,16.5
FORD,EXPLORER SOHC 4X4,SUV,4,6,A5,X,343,16.7
FORD,F150,PICKUP TRUCK - STANDARD,4.2,6,A4,X,340,16.7
FORD,F150,PICKUP TRUCK - STANDARD,4.2,6,M5,X,334,16.3
FORD,F150,PICKUP TRUCK - STANDARD,4.6,8,A4,X,345,17
FORD,F150,PICKUP TRUCK - STANDARD,4.6,8,M5,X,354,17.8
FORD,F150,PICKUP TRUCK - STANDARD,5.4,8,A4,X,363,17.9
FORD,F150 4X4,PICKUP TRUCK - STANDARD,4.2,6,A4,X,359,17.3
FORD,F150 4X4,PICKUP TRUCK - STANDARD,4.2,6,M5,X,373,18
FORD,F150 4X4,PICKUP TRUCK - STANDARD,4.6,8,A4,X,380,18.5
FORD,F150 4X4,PICKUP TRUCK - STANDARD,4.6,8,M5,X,380,18.8
FORD,F150 4X4,PICKUP TRUCK - STANDARD,5.4,8,A4,X,423,20.7
FORD,FOCUS SEDAN,COMPACT,2,4,A4,X,221,10.8
FORD,FOCUS SEDAN,COMPACT,2,4,M5,X,216,10.8
FORD,FOCUS WAGON,STATION WAGON - MID-SIZE,2,4,A4,X,219,10.6
FORD,FOCUS WAGON,STATION WAGON - MID-SIZE,2,4,M5,X,216,10.9
FORD,GRAND MARQUIS,FULL-SIZE,4.6,8,A4,X,297,15
FORD,MUSTANG,SUBCOMPACT,3.8,6,A4,X,267,13.4
FORD,MUSTANG,SUBCOMPACT,3.8,6,M5,X,267,13.6
FORD,MUSTANG,SUBCOMPACT,4.6,8,A4,X,301,15.1
FORD,MUSTANG,SUBCOMPACT,4.6,8,M5,X,304,15.4
FORD,MUSTANG #,SUBCOMPACT,4.6,8,M5,X,308,15.7
FORD,RANGER,PICKUP TRUCK - STANDARD,3,6,A4,X,315,15.7
FORD,RANGER,PICKUP TRUCK - STANDARD,3,6,M5,X,322,16.2
FORD,RANGER,PICKUP TRUCK - STANDARD,4,6,A5,X,354,17
FORD,RANGER,PICKUP TRUCK - STANDARD,4,6,M5,X,306,14.9
FORD,RANGER 4X4,PICKUP TRUCK - STANDARD,3,6,A4,X,336,16.4
FORD,RANGER 4X4,PICKUP TRUCK - STANDARD,3,6,M5,X,320,15.5
FORD,RANGER 4X4,PICKUP TRUCK - STANDARD,4,6,A5,X,357,17.3
FORD,RANGER 4X4,PICKUP TRUCK - STANDARD,4,6,M5,X,340,16.5
FORD,TAURUS,MID-SIZE,3,6,A4,X,267,13.6
FORD,TAURUS #,MID-SIZE,3,6,A4,X,265,13.5
FORD,TAURUS WAGON,STATION WAGON - MID-SIZE,3,6,A4,X,278,14.2
FORD,TAURUS WAGON #,STATION WAGON - MID-SIZE,3,6,A4,X,276,14
FORD,WINDSTAR VAN,VAN - CARGO,3,6,A4,X,311,15.6
FORD,WINDSTAR VAN,VAN - CARGO,3.8,6,A4,X,304,14.9
FORD,WINDSTAR WAGON,MINIVAN,3,6,A4,X,311,15.6
FORD,WINDSTAR WAGON,MINIVAN,3.8,6,A4,X,311,15.5
GMC,C1500 SIERRA,PICKUP TRUCK - STANDARD,4.3,6,A4,X,368,17.7
GMC,C1500 SIERRA,PICKUP TRUCK - STANDARD,4.3,6,M5,X,384,18.5
GMC,C1500 SIERRA,PICKUP TRUCK - STANDARD,4.8,8,A4,X,334,16.3
GMC,C1500 SIERRA,PICKUP TRUCK - STANDARD,4.8,8,M5,X,373,18.9
GMC,C1500 SIERRA,PICKUP TRUCK - STANDARD,5.3,8,A4,X,343,16.7
GMC,C1500 YUKON,SUV,4.8,8,A4,X,391,18.7
GMC,C1500 YUKON,SUV,5.3,8,A4,X,391,18.9
GMC,C1500 YUKON XL,SUV,5.3,8,A4,X,391,18.9
GMC,C2500 SIERRA,PICKUP TRUCK - STANDARD,5.3,8,A4,X,373,17.9
GMC,C2500 SIERRA,PICKUP TRUCK - STANDARD,6,8,A4,X,435,21.4
GMC,G15/G25 SAVANA CARGO,VAN - CARGO,4.3,6,A4,X,368,17.8
GMC,G15/G25 SAVANA CARGO,VAN - CARGO,5,8,A4,X,373,18.2
GMC,G15/G25 SAVANA CARGO,VAN - CARGO,5.7,8,A4,X,396,19.1
GMC,G1500/G2500 SAVANA PASSENGER,VAN - PASSENGER,4.3,6,A4,X,380,18.3
GMC,G1500/G2500 SAVANA PASSENGER,VAN - PASSENGER,5,8,A4,X,377,18.3
GMC,G1500/G2500 SAVANA PASSENGER,VAN - PASSENGER,5.7,8,A4,X,426,20.6
GMC,JIMMY,SUV,4.3,6,A4,X,336,16.2
GMC,JIMMY,SUV,4.3,6,M5,X,327,16.3
GMC,JIMMY 4X4,SUV,4.3,6,A4,X,350,17
GMC,JIMMY 4X4,SUV,4.3,6,M5,X,386,18.7
GMC,K1500 SIERRA 4X4,PICKUP TRUCK - STANDARD,4.3,6,A4,X,350,17
GMC,K1500 SIERRA 4X4,PICKUP TRUCK - STANDARD,4.3,6,M5,X,386,18.7
GMC,K1500 SIERRA 4X4,PICKUP TRUCK - STANDARD,4.8,8,A4,X,366,17.3
GMC,K1500 SIERRA 4X4,PICKUP TRUCK - STANDARD,4.8,8,M5,X,407,20.2
GMC,K1500 SIERRA 4X4,PICKUP TRUCK - STANDARD,5.3,8,A4,X,377,18
GMC,K1500 YUKON 4X4,SUV,4.8,8,A4,X,391,18.7
GMC,K1500 YUKON 4X4,SUV,5.3,8,A4,X,391,18.9
GMC,K1500 YUKON 4X4,SUV,5.7,8,A4,X,430,21.2
GMC,SAFARI CARGO,VAN - CARGO,4.3,6,A4,X,336,16.2
GMC,SAFARI CARGO AWD,VAN - CARGO,4.3,6,A4,X,350,17
GMC,SAFARI PASSENGER,VAN - PASSENGER,4.3,6,A4,X,368,17.7
GMC,SAFARI PASSENGER AWD,VAN - PASSENGER,4.3,6,A4,X,359,17.4
GMC,SONOMA,PICKUP TRUCK - SMALL,2.2,4,A4,X,278,13.8
GMC,SONOMA,PICKUP TRUCK - SMALL,2.2,4,M5,X,246,12.2
GMC,SONOMA,PICKUP TRUCK - SMALL,4.3,6,A4,X,313,15.4
GMC,SONOMA,PICKUP TRUCK - SMALL,4.3,6,M5,X,322,16.2
GMC,SONOMA 4X4,PICKUP TRUCK - STANDARD,4.3,6,A4,X,345,16.8
GMC,SONOMA 4X4,PICKUP TRUCK - STANDARD,4.3,6,M5,X,329,16.3
HONDA,ACCORD,MID-SIZE,3,6,A4,X,260,13
HONDA,ACCORD DX,MID-SIZE,2.3,4,A4,X,246,12.2
HONDA,ACCORD DX,MID-SIZE,2.3,4,M5,X,235,11.5
HONDA,ACCORD EX/LX,MID-SIZE,2.3,4,A4,X,237,11.8
HONDA,ACCORD EX/LX,MID-SIZE,2.3,4,M5,X,221,10.8
HONDA,CIVIC COUPE Si,SUBCOMPACT,1.6,4,A4,X,216,10.5
HONDA,CIVIC COUPE Si,SUBCOMPACT,1.6,4,M5,X,205,9.8
HONDA,CIVIC COUPE SiR,SUBCOMPACT,1.6,4,M5,Z,223,10.9
HONDA,CIVIC CX/DX/LX/EX,SUBCOMPACT,1.6,4,A4,X,202,10
HONDA,CIVIC CX/DX/LX/EX,SUBCOMPACT,1.6,4,M5,X,184,8.8
HONDA,CR-V,SUV,2,4,A4,X,267,12.5
HONDA,CR-V,SUV,2,4,M5,X,267,12.5
HONDA,INSIGHT,SUBCOMPACT,1,3,M5,X,104,4.9
HONDA,ODYSSEY,MINIVAN,3.5,6,A4,X,292,14.9
HONDA,PRELUDE,SUBCOMPACT,2.2,4,AS4,Z,260,12.7
HONDA,PRELUDE,SUBCOMPACT,2.2,4,M5,Z,251,12
HONDA,S2000,SUBCOMPACT,2,4,M6,Z,269,13.1
HYUNDAI,ACCENT,COMPACT,1.5,4,A4,X,209,10.5
HYUNDAI,ACCENT,COMPACT,1.5,4,M5,X,198,9.7
HYUNDAI,ELANTRA,COMPACT,2,4,A4,X,242,12.2
HYUNDAI,ELANTRA,COMPACT,2,4,M5,X,223,11.3
HYUNDAI,ELANTRA WAGON,STATION WAGON - SMALL,2,4,A4,X,248,12.5
HYUNDAI,ELANTRA WAGON,STATION WAGON - SMALL,2,4,M5,X,228,11.4
HYUNDAI,SONATA 2.4L,MID-SIZE,2.4,4,A4,X,260,13
HYUNDAI,SONATA 2.5L,MID-SIZE,2.5,6,A4,X,262,13.2
HYUNDAI,TIBURON,SUBCOMPACT,2,4,A4,X,244,12.2
HYUNDAI,TIBURON,SUBCOMPACT,2,4,M5,X,228,11.4
INFINITI,G20,COMPACT,2,4,A4,X,235,11.6
INFINITI,G20,COMPACT,2,4,M5,X,230,11.4
INFINITI,I30,MID-SIZE,3,6,A4,X,265,13.4
INFINITI,QX4 4X4,SUV,3.3,6,A4,X,366,17.7
ISUZU,HOMBRE,PICKUP TRUCK - SMALL,2.2,4,A4,X,278,13.8
ISUZU,HOMBRE,PICKUP TRUCK - SMALL,2.2,4,M5,X,246,12.2
ISUZU,HOMBRE,PICKUP TRUCK - SMALL,4.3,6,A4,X,313,15.4
ISUZU,HOMBRE 4X4,PICKUP TRUCK - STANDARD,4.3,6,A4,X,345,16.8
ISUZU,RODEO 4X4,SUV,3.2,6,A4,X,340,16.6
ISUZU,RODEO 4X4,SUV,3.2,6,M5,X,347,16.8
ISUZU,TROOPER 4X4,SUV,3.5,6,A4,X,366,17.8
ISUZU,TROOPER 4X4,SUV,3.5,6,M5,X,368,17.9
JAGUAR,S-TYPE V6,MID-SIZE,3,6,A5,Z,290,14.8
JAGUAR,S-TYPE V8,MID-SIZE,4,8,A5,Z,308,15.3
JAGUAR,VANDEN PLAS,MID-SIZE,4,8,A5,Z,306,15.5
JAGUAR,VANDEN PLAS SUPERCHARGED,MID-SIZE,4,8,A5,Z,331,16.6
JAGUAR,XJ8,COMPACT,4,8,A5,Z,306,15.5
JAGUAR,XJR #,COMPACT,4,8,A5,Z,331,16.5
JAGUAR,XK8,SUBCOMPACT,4,8,A5,Z,304,15.4
JAGUAR,XK8 CONVERTIBLE,MINICOMPACT,4,8,A5,Z,306,15.5
JAGUAR,XKR #,SUBCOMPACT,4,8,A5,Z,313,15.7
JAGUAR,XKR CONVERTIBLE #,MINICOMPACT,4,8,A5,Z,324,16.3
JEEP,CHEROKEE 4X4,SUV,4,6,A4,X,338,16.6
JEEP,CHEROKEE 4X4,SUV,4,6,M5,X,317,15.4
JEEP,GRAND CHEROKEE 4X4,SUV,4,6,A4,X,336,16.5
JEEP,GRAND CHEROKEE 4X4,SUV,4.7,8,A4,X,363,18
JEEP,TJ 4X4,SUV,2.5,4,A3,X,357,16.6
JEEP,TJ 4X4,SUV,2.5,4,M5,X,315,14.7
JEEP,TJ 4X4,SUV,4,6,A3,X,368,17.3
JEEP,TJ 4X4,SUV,4,6,M5,X,347,16.7
KIA,SEPHIA,COMPACT,1.8,4,A4,X,235,11.7
KIA,SEPHIA,COMPACT,1.8,4,M5,X,237,11.2
KIA,SPORTAGE 4X4,SUV,2,4,A4,X,294,13.4
KIA,SPORTAGE 4X4,SUV,2,4,M5,X,288,12.8
LAND ROVER,DISCOVERY SERIES II 4X4,SUV,4,8,A4,Z,403,19.6
LAND ROVER,DISCOVERY SERIES II 4X4,SUV,4,8,A4,Z,403,19.6
LAND ROVER,RANGE ROVER 4X4,SUV,4,8,A4,Z,403,19.6
LAND ROVER,RANGE ROVER 4X4,SUV,4.6,8,A4,Z,458,22.1
LEXUS,ES 300,COMPACT,3,6,A4,X,276,13.8
LEXUS,GS 300,MID-SIZE,3,6,A5,Z,281,13.7
LEXUS,GS 400,MID-SIZE,4,8,A5,Z,299,15
LEXUS,LS 400,MID-SIZE,4,8,A5,Z,285,14.3
LEXUS,LX 470,SUV,4.7,8,A4,X,405,19.4
LEXUS,RX 300,SUV,3,6,A4,X,292,14.2
LEXUS,RX 300 4X4,SUV,3,6,A4,X,299,14.4
LINCOLN,CONTINENTAL,FULL-SIZE,4.6,8,A4,Z,297,15.2
LINCOLN,LS,MID-SIZE,3,6,A5,X,304,15.4
LINCOLN,LS,MID-SIZE,3,6,M5,X,304,15.5
LINCOLN,LS,MID-SIZE,3.9,8,A5,X,313,15.9
LINCOLN,NAVIGATOR 4X4,SUV,5.4,8,A4,Z,430,21.4
LINCOLN,TOWN CAR,FULL-SIZE,4.6,8,A4,X,304,15.3
MAZDA,626,MID-SIZE,2,4,A4,X,258,12.7
MAZDA,626,MID-SIZE,2,4,M5,X,219,10.6
MAZDA,626,MID-SIZE,2.5,6,A4,Z,278,13.7
MAZDA,626,MID-SIZE,2.5,6,M5,Z,271,13.3
MAZDA,B3000,PICKUP TRUCK - STANDARD,3,6,A4,X,313,15.6
MAZDA,B3000,PICKUP TRUCK - STANDARD,3,6,M5,X,322,16.2
MAZDA,B4000,PICKUP TRUCK - STANDARD,4,6,A5,X,357,17.1
MAZDA,B4000,PICKUP TRUCK - STANDARD,4,6,M5,X,320,15.5
MAZDA,B4000 4X4,PICKUP TRUCK - STANDARD,4,6,A5,X,354,17.2
MAZDA,B4000 4X4,PICKUP TRUCK - STANDARD,4,6,M5,X,343,16.5
MAZDA,MILLENIA,COMPACT,2.5,6,A4,Z,276,13.8
MAZDA,MILLENIA #,COMPACT,2.3,6,A4,Z,271,13.7
MAZDA,MPV,MINIVAN,2.5,6,A4,X,313,15.2
MAZDA,MX-5 MIATA,SUBCOMPACT,1.8,4,A4,X,244,11.9
MAZDA,MX-5 MIATA,SUBCOMPACT,1.8,4,M5,X,230,11.1
MAZDA,MX-5 MIATA,SUBCOMPACT,1.8,4,M6,X,239,11.5
MAZDA,PROTEGE,COMPACT,1.6,4,A4,X,221,10.6
MAZDA,PROTEGE,COMPACT,1.6,4,M5,X,207,9.8
MAZDA,PROTEGE,COMPACT,1.8,4,A4,X,230,11.2
MAZDA,PROTEGE,COMPACT,1.8,4,M5,X,212,10.2
MERCEDES-BENZ,C 230 KOMPRESSOR #,COMPACT,2.3,4,A5,Z,251,12.5
MERCEDES-BENZ,C 280,COMPACT,2.8,6,A5,Z,258,12.7
MERCEDES-BENZ,C 43 AMG,COMPACT,4.3,8,A5,Z,304,14.7
MERCEDES-BENZ,CLK 320,SUBCOMPACT,3.2,6,A5,Z,255,12.9
MERCEDES-BENZ,CLK 320 CABRIOLET,MINICOMPACT,3.2,6,A5,Z,269,13.6
MERCEDES-BENZ,CLK 430,SUBCOMPACT,4.3,8,A5,Z,290,14.4
MERCEDES-BENZ,CLK 430 CABRIOLET,MINICOMPACT,4.3,8,A5,Z,304,15.2
MERCEDES-BENZ,E 320,MID-SIZE,3.2,6,A5,Z,253,12.9
MERCEDES-BENZ,E 320 4MATIC,MID-SIZE,3.2,6,A5,Z,262,13.1
MERCEDES-BENZ,E 320 4MATIC WAGON,STATION WAGON - MID-SIZE,3.2,6,A5,Z,274,13.5
MERCEDES-BENZ,E 320 WAGON,STATION WAGON - MID-SIZE,3.2,6,A5,Z,267,13.2
MERCEDES-BENZ,E 430,MID-SIZE,4.3,8,A5,Z,292,14.6
MERCEDES-BENZ,E 430 4MATIC,MID-SIZE,4.3,8,A5,Z,306,15.1
MERCEDES-BENZ,E 55 AMG,MID-SIZE,5.5,8,A5,Z,317,16
MERCEDES-BENZ,ML 320,SUV,3.2,6,A5,Z,336,16.1
MERCEDES-BENZ,ML 430,SUV,4.3,8,A5,Z,354,17
MERCEDES-BENZ,S 430,FULL-SIZE,4.3,8,A5,Z,304,15.3
MERCEDES-BENZ,S 500,FULL-SIZE,5,8,A5,Z,320,16.1
MERCEDES-BENZ,SL 500,SUBCOMPACT,5,8,A5,Z,322,16.3
MERCEDES-BENZ,SL 600,SUBCOMPACT,6,12,A5,Z,393,20.1
MERCEDES-BENZ,SLK 230 KOMPRESSOR #,SUBCOMPACT,2.3,4,A5,Z,242,12
MERCEDES-BENZ,SLK 230 KOMPRESSOR #,SUBCOMPACT,2.3,4,M5,Z,246,12.6
NISSAN,ALTIMA,COMPACT,2.4,4,A4,X,258,12.8
NISSAN,ALTIMA,COMPACT,2.4,4,M5,X,235,11.6
NISSAN,FRONTIER,PICKUP TRUCK - STANDARD,2.4,4,A4,X,283,13.5
NISSAN,FRONTIER,PICKUP TRUCK - STANDARD,2.4,4,M5,X,255,12.1
NISSAN,FRONTIER 4X4,PICKUP TRUCK - STANDARD,2.4,4,M5,X,313,14.9
NISSAN,FRONTIER V6,PICKUP TRUCK - STANDARD,3.3,6,A4,X,350,16.8
NISSAN,FRONTIER V6,PICKUP TRUCK - STANDARD,3.3,6,M5,X,345,16.1
NISSAN,FRONTIER V6 4X4,PICKUP TRUCK - STANDARD,3.3,6,A4,X,361,17.3
NISSAN,FRONTIER V6 4X4,PICKUP TRUCK - STANDARD,3.3,6,M5,X,350,16.2
NISSAN,MAXIMA,MID-SIZE,3,6,A4,X,265,13.4
NISSAN,MAXIMA,MID-SIZE,3,6,M5,X,253,12.3
NISSAN,PATHFINDER 4X4,SUV,3.3,6,A4,X,361,17.3
NISSAN,PATHFINDER 4X4,SUV,3.3,6,M5,X,357,16.5
NISSAN,QUEST,MINIVAN,3.3,6,A4,X,306,15.5
NISSAN,XTERRA,SUV,2.4,4,M5,X,292,14.2
NISSAN,XTERRA V6,SUV,3.3,6,A4,X,343,16.5
NISSAN,XTERRA V6,SUV,3.3,6,M5,X,338,15.9
NISSAN,XTERRA V6 4X4,SUV,3.3,6,A4,X,361,17.3
NISSAN,XTERRA V6 4X4,SUV,3.3,6,M5,X,350,16.2
OLDSMOBILE,ALERO,COMPACT,2.4,4,A4,X,242,12.1
OLDSMOBILE,ALERO,COMPACT,2.4,4,M5,X,244,12.5
OLDSMOBILE,ALERO,COMPACT,3.4,6,A4,X,262,13.6
OLDSMOBILE,INTRIGUE,MID-SIZE,3.5,6,A4,X,283,14.7
OLDSMOBILE,SILHOUETTE,MINIVAN,3.4,6,A4,X,281,14
PLYMOUTH,PROWLER,SUBCOMPACT,3.5,6,AS4,Z,308,15.4
PONTIAC,BONNEVILLE,FULL-SIZE,3.8,6,A4,X,276,14.4
PONTIAC,BONNEVILLE #,FULL-SIZE,3.8,6,A4,Z,290,15.1
PONTIAC,FIREBIRD/FORMULA,SUBCOMPACT,3.8,6,A4,X,269,13.9
PONTIAC,FIREBIRD/FORMULA,SUBCOMPACT,3.8,6,M5,X,265,13.8
PONTIAC,FIREBIRD/FORMULA,SUBCOMPACT,5.7,8,A4,Z,299,14.9
PONTIAC,FIREBIRD/FORMULA,SUBCOMPACT,5.7,8,M6,Z,290,14.9
PONTIAC,FIREFLY,SUBCOMPACT,1,3,M5,X,147,7.1
PONTIAC,FIREFLY,SUBCOMPACT,1.3,4,A3,X,191,9.1
PONTIAC,FIREFLY,SUBCOMPACT,1.3,4,M5,X,156,7.6
PONTIAC,GRAND AM,COMPACT,2.4,4,A4,X,242,12.1
PONTIAC,GRAND AM,COMPACT,2.4,4,M5,X,244,12.5
PONTIAC,GRAND AM,COMPACT,3.4,6,A4,X,262,13.6
PONTIAC,GRAND PRIX,MID-SIZE,3.1,6,A4,X,255,13.1
PONTIAC,GRAND PRIX,MID-SIZE,3.8,6,A4,X,262,13.5
PONTIAC,GRAND PRIX #,MID-SIZE,3.8,6,A4,Z,288,15
PONTIAC,MONTANA,MINIVAN,3.4,6,A4,X,281,14
PONTIAC,SUNFIRE,SUBCOMPACT,2.2,4,A3,X,242,11.8
PONTIAC,SUNFIRE,SUBCOMPACT,2.2,4,A4,X,232,11.6
PONTIAC,SUNFIRE,SUBCOMPACT,2.2,4,M5,X,235,12.2
PONTIAC,SUNFIRE,SUBCOMPACT,2.4,4,A4,X,248,12.5
PONTIAC,SUNFIRE,SUBCOMPACT,2.4,4,M5,X,235,12.1
PORSCHE,911 CARRERA,MINICOMPACT,3.4,6,AS5,Z,308,16
PORSCHE,911 CARRERA,MINICOMPACT,3.4,6,M6,Z,301,15.4
PORSCHE,911 CARRERA 4,MINICOMPACT,3.4,6,AS5,Z,313,16
PORSCHE,911 CARRERA 4,MINICOMPACT,3.4,6,M6,Z,311,15.7
PORSCHE,BOXSTER,TWO-SEATER,2.7,6,AS5,Z,301,15.3
PORSCHE,BOXSTER,TWO-SEATER,2.7,6,M5,Z,297,15
PORSCHE,BOXSTER S,TWO-SEATER,3.2,6,AS5,Z,311,15.9
PORSCHE,BOXSTER S,TWO-SEATER,3.2,6,M6,Z,294,15
SAAB,9-3 TURBO,MID-SIZE,2,4,A4,X,274,13.4
SAAB,9-3 TURBO,MID-SIZE,2,4,M5,X,255,12.9
SAAB,9-3 TURBO,MID-SIZE,2.3,4,M5,X,258,13.1
SAAB,9-5 TURBO,FULL-SIZE,2.3,4,A4,X,276,13.9
SAAB,9-5 TURBO,FULL-SIZE,2.3,4,M5,X,260,13.2
SAAB,9-5 TURBO,FULL-SIZE,3,6,A4,X,283,14.3
SAAB,9-5 WAGON TURBO,STATION WAGON - MID-SIZE,2.3,4,A4,X,276,13.9
SAAB,9-5 WAGON TURBO,STATION WAGON - MID-SIZE,2.3,4,M5,X,260,13.2
SAAB,9-5 WAGON TURBO,STATION WAGON - MID-SIZE,3,6,A4,X,283,14.3
SATURN,LS,MID-SIZE,2.2,4,A4,X,239,11.9
SATURN,LS,MID-SIZE,2.2,4,M5,X,235,12.2
SATURN,LS,MID-SIZE,3,6,A4,X,269,13.3
SATURN,LW WAGON,STATION WAGON - MID-SIZE,2.2,4,A4,X,244,12.1
SATURN,LW WAGON,STATION WAGON - MID-SIZE,3,6,A4,X,269,13.3
SATURN,SC,SUBCOMPACT,1.9,4,A4,X,200,10.1
SATURN,SC,SUBCOMPACT,1.9,4,M5,X,191,9.8
SATURN,SC #,SUBCOMPACT,1.9,4,A4,X,207,10.6
SATURN,SC #,SUBCOMPACT,1.9,4,M5,X,202,10.3
SATURN,SL,COMPACT,1.9,4,A4,X,198,10.1
SATURN,SL,COMPACT,1.9,4,M5,X,184,9.3
SATURN,SL #,COMPACT,1.9,4,A4,X,207,10.6
SATURN,SL #,COMPACT,1.9,4,M5,X,202,10.3
SATURN,SW WAGON #,STATION WAGON - SMALL,1.9,4,A4,X,207,10.6
SATURN,SW WAGON #,STATION WAGON - SMALL,1.9,4,M5,X,202,10.3
SUBARU,FORESTER AWD,SUV,2.5,4,A4,X,246,12.2
SUBARU,FORESTER AWD,SUV,2.5,4,M5,X,248,12.5
SUBARU,IMPREZA AWD,SUBCOMPACT,2.2,4,A4,X,239,11.7
SUBARU,IMPREZA AWD,SUBCOMPACT,2.2,4,M5,X,242,11.8
SUBARU,IMPREZA AWD,SUBCOMPACT,2.5,4,A4,X,244,11.8
SUBARU,IMPREZA AWD,SUBCOMPACT,2.5,4,M5,X,258,12.8
SUBARU,IMPREZA WAGON AWD,STATION WAGON - SMALL,2.2,4,A4,X,239,11.7
SUBARU,IMPREZA WAGON AWD,STATION WAGON - SMALL,2.2,4,M5,X,242,11.8
SUBARU,LEGACY AWD,COMPACT,2.5,4,A4,X,253,12.2
SUBARU,LEGACY AWD,COMPACT,2.5,4,M5,X,253,12.5
SUBARU,LEGACY WAGON AWD,STATION WAGON - MID-SIZE,2.5,4,A4,X,255,12.2
SUBARU,LEGACY WAGON AWD,STATION WAGON - MID-SIZE,2.5,4,M5,X,253,12.5
SUZUKI,ESTEEM,SUBCOMPACT,1.6,4,A4,X,205,9.9
SUZUKI,ESTEEM,SUBCOMPACT,1.6,4,M5,X,182,8.8
SUZUKI,ESTEEM WAGON,STATION WAGON - SMALL,1.8,4,A4,X,209,10.3
SUZUKI,ESTEEM WAGON,STATION WAGON - SMALL,1.8,4,M5,X,196,9.6
SUZUKI,GRAND VITARA 4X4,SUV,2.5,6,A4,X,304,14.2
SUZUKI,GRAND VITARA 4X4,SUV,2.5,6,M5,X,294,13.8
SUZUKI,SWIFT,SUBCOMPACT,1.3,4,A3,X,191,9.1
SUZUKI,SWIFT,SUBCOMPACT,1.3,4,M5,X,156,7.6
SUZUKI,VITARA 4X4,SUV,2,4,A4,X,251,11.7
SUZUKI,VITARA 4X4,SUV,2,4,M5,X,253,11.8
SUZUKI,VITARA CONVERTIBLE 4X4,SUV,1.6,4,M5,X,228,10.5
SUZUKI,VITARA CONVERTIBLE 4X4,SUV,2,4,A4,X,253,11.7
SUZUKI,VITARA CONVERTIBLE 4X4,SUV,2,4,M5,X,255,11.8
TOYOTA,4RUNNER 4X4,SUV,2.7,4,A4,X,301,14.2
TOYOTA,4RUNNER 4X4,SUV,2.7,4,M5,X,320,15.4
TOYOTA,4RUNNER 4X4,SUV,3.4,6,A4,X,334,15.7
TOYOTA,4RUNNER 4X4,SUV,3.4,6,M5,X,331,15.7
TOYOTA,AVALON,FULL-SIZE,3,6,A4,X,251,12.7
TOYOTA,CAMRY,MID-SIZE,2.2,4,A4,X,239,11.8
TOYOTA,CAMRY,MID-SIZE,2.2,4,M5,X,228,11.4
TOYOTA,CAMRY,MID-SIZE,3,6,A4,X,267,13.4
TOYOTA,CAMRY SOLARA,COMPACT,2.2,4,A4,X,239,11.8
TOYOTA,CAMRY SOLARA,COMPACT,3,6,A4,X,267,13.4
TOYOTA,CAMRY SOLARA,COMPACT,3,6,M5,X,253,12.7
TOYOTA,CAMRY SOLARA CONVERTIBLE,SUBCOMPACT,3,6,A4,X,278,14
TOYOTA,CELICA,SUBCOMPACT,1.8,4,A4,X,205,10.1
TOYOTA,CELICA,SUBCOMPACT,1.8,4,AS4,Z,237,11.6
TOYOTA,CELICA,SUBCOMPACT,1.8,4,M5,X,209,10
TOYOTA,CELICA,SUBCOMPACT,1.8,4,M6,Z,230,11.6
TOYOTA,COROLLA,COMPACT,1.8,4,A4,X,189,9.3
TOYOTA,COROLLA,COMPACT,1.8,4,M5,X,179,8.7
TOYOTA,ECHO,COMPACT,1.5,4,A4,X,179,8.6
TOYOTA,ECHO,COMPACT,1.5,4,M5,X,173,8.2
TOYOTA,RAV4,SUV,2,4,A4,X,235,11.3
TOYOTA,RAV4,SUV,2,4,M5,X,232,11.2
TOYOTA,RAV4 4X4,SUV,2,4,A4,X,258,12.2
TOYOTA,RAV4 4X4,SUV,2,4,M5,X,258,12.1
TOYOTA,RAV4 SOFT TOP,SUV,2,4,A4,X,235,11.3
TOYOTA,RAV4 SOFT TOP,SUV,2,4,M5,X,232,11.2
TOYOTA,RAV4 SOFT TOP 4X4,SUV,2,4,A4,X,251,11.8
TOYOTA,RAV4 SOFT TOP 4X4,SUV,2,4,M5,X,253,11.9
TOYOTA,SIENNA,MINIVAN,3,6,A4,X,288,14.3
TOYOTA,TACOMA,PICKUP TRUCK - STANDARD,2.4,4,A4,X,267,12.6
TOYOTA,TACOMA,PICKUP TRUCK - STANDARD,2.4,4,M5,X,253,12.2
TOYOTA,TACOMA,PICKUP TRUCK - STANDARD,2.7,4,A4,X,301,14
TOYOTA,TACOMA,PICKUP TRUCK - STANDARD,3.4,6,A4,X,324,15.3
TOYOTA,TACOMA 4X4,PICKUP TRUCK - STANDARD,2.7,4,A4,X,301,14.2
TOYOTA,TACOMA 4X4,PICKUP TRUCK - STANDARD,2.7,4,M5,X,329,15.7
TOYOTA,TACOMA 4X4,PICKUP TRUCK - STANDARD,3.4,6,A4,X,324,15.2
TOYOTA,TACOMA 4X4,PICKUP TRUCK - STANDARD,3.4,6,M5,X,331,15.7
TOYOTA,TUNDRA,PICKUP TRUCK - STANDARD,3.4,6,A4,X,331,15.7
TOYOTA,TUNDRA,PICKUP TRUCK - STANDARD,3.4,6,M5,X,336,16
TOYOTA,TUNDRA,PICKUP TRUCK - STANDARD,4.7,8,A4,X,363,17.3
TOYOTA,TUNDRA 4X4,PICKUP TRUCK - STANDARD,3.4,6,A4,X,368,17.2
TOYOTA,TUNDRA 4X4,PICKUP TRUCK - STANDARD,3.4,6,M5,X,363,17.1
TOYOTA,TUNDRA 4X4,PICKUP TRUCK - STANDARD,4.7,8,A4,X,382,18.2
VOLKSWAGEN,CABRIO,SUBCOMPACT,2,4,A4,X,253,12.6
VOLKSWAGEN,CABRIO,SUBCOMPACT,2,4,M5,X,230,11.2
VOLKSWAGEN,EUROVAN,MINIVAN,2.8,6,A4,X,357,17.6
VOLKSWAGEN,EUROVAN CAMPER,MINIVAN,2.8,6,A4,X,375,18.6
VOLKSWAGEN,GOLF,COMPACT,1.8,4,A4,Z,248,12.1
VOLKSWAGEN,GOLF,COMPACT,1.8,4,M5,Z,225,11.1
VOLKSWAGEN,GOLF,COMPACT,2,4,A4,X,244,11.9
VOLKSWAGEN,GOLF,COMPACT,2,4,M5,X,228,11.2
VOLKSWAGEN,GOLF TDI DIESEL,COMPACT,1.9,4,A4,D,192,8.1
VOLKSWAGEN,GOLF TDI DIESEL,COMPACT,1.9,4,M5,D,165,6.7
VOLKSWAGEN,GTI,COMPACT,1.8,4,M5,Z,225,11.1
VOLKSWAGEN,GTI,COMPACT,2,4,A4,X,244,11.9
VOLKSWAGEN,GTI,COMPACT,2,4,M5,X,228,11.2
VOLKSWAGEN,GTI,COMPACT,2.8,6,M5,X,260,13.2
VOLKSWAGEN,JETTA,COMPACT,1.8,4,A4,Z,248,12.1
VOLKSWAGEN,JETTA,COMPACT,1.8,4,M5,Z,225,11.1
VOLKSWAGEN,JETTA,COMPACT,2,4,A4,X,244,11.9
VOLKSWAGEN,JETTA,COMPACT,2,4,M5,X,228,11.2
VOLKSWAGEN,JETTA,COMPACT,2.8,6,A4,X,283,14.2
VOLKSWAGEN,JETTA,COMPACT,2.8,6,M5,X,267,13.6
VOLKSWAGEN,JETTA TDI DIESEL,COMPACT,1.9,4,A4,D,192,8.1
VOLKSWAGEN,JETTA TDI DIESEL,COMPACT,1.9,4,M5,D,165,6.7
VOLKSWAGEN,NEW BEETLE,SUBCOMPACT,1.8,4,A4,Z,248,11.9
VOLKSWAGEN,NEW BEETLE,SUBCOMPACT,1.8,4,M5,Z,223,10.6
VOLKSWAGEN,NEW BEETLE,SUBCOMPACT,2,4,A4,X,244,11.9
VOLKSWAGEN,NEW BEETLE,SUBCOMPACT,2,4,M5,X,228,11.2
VOLKSWAGEN,NEW BEETLE TDI DIESEL,SUBCOMPACT,1.9,4,A4,D,192,8.1
VOLKSWAGEN,NEW BEETLE TDI DIESEL,SUBCOMPACT,1.9,4,M5,D,165,6.7
VOLKSWAGEN,PASSAT,MID-SIZE,1.8,4,A5,Z,258,13.2
VOLKSWAGEN,PASSAT,MID-SIZE,1.8,4,M5,Z,225,11.2
VOLKSWAGEN,PASSAT,MID-SIZE,2.8,6,A5,Z,288,14.7
VOLKSWAGEN,PASSAT,MID-SIZE,2.8,6,M5,Z,262,13.4
VOLKSWAGEN,PASSAT WAGON,STATION WAGON - MID-SIZE,1.8,4,A5,Z,258,13.2
VOLKSWAGEN,PASSAT WAGON,STATION WAGON - MID-SIZE,1.8,4,M5,Z,225,11.2
VOLKSWAGEN,PASSAT WAGON,STATION WAGON - MID-SIZE,2.8,6,A5,Z,288,14.7
VOLKSWAGEN,PASSAT WAGON,STATION WAGON - MID-SIZE,2.8,6,M5,Z,262,13.4
VOLVO,C70 CONVERTIBLE TURBO,SUBCOMPACT,2.3,5,A4,Z,285,14.2
VOLVO,C70 CONVERTIBLE TURBO,SUBCOMPACT,2.3,5,M5,Z,269,13.4
VOLVO,C70 CONVERTIBLE TURBO,SUBCOMPACT,2.4,5,A4,Z,278,13.9
VOLVO,C70 TURBO,COMPACT,2.3,5,A4,Z,274,13.9
VOLVO,C70 TURBO,COMPACT,2.3,5,M5,Z,260,13
VOLVO,C70 TURBO,COMPACT,2.4,5,A4,Z,274,13.6
VOLVO,S70,MID-SIZE,2.4,5,A5,Z,262,13.2
VOLVO,S70,MID-SIZE,2.4,5,M5,Z,251,12.6
VOLVO,S70 AWD TURBO,MID-SIZE,2.4,5,A4,Z,288,14.4
VOLVO,S70 GLT TURBO,MID-SIZE,2.4,5,A4,Z,274,13.6
VOLVO,S70 T5 TURBO,MID-SIZE,2.3,5,A4,Z,274,13.9
VOLVO,S70 T5 TURBO,MID-SIZE,2.3,5,M5,Z,260,13
VOLVO,S80 2.9,MID-SIZE,2.9,6,A4,Z,285,14.5
VOLVO,S80 T-6,MID-SIZE,2.8,6,AS4,Z,297,15.1
VOLVO,V70,STATION WAGON - MID-SIZE,2.4,5,A5,Z,262,13.2
VOLVO,V70,STATION WAGON - MID-SIZE,2.4,5,M5,Z,251,12.6
VOLVO,V70 AWD TURBO,STATION WAGON - MID-SIZE,2.4,5,A4,Z,288,14.4
VOLVO,V70 GLT TURBO,STATION WAGON - MID-SIZE,2.4,5,A4,Z,274,13.6
VOLVO,V70 T5 TURBO,STATION WAGON - MID-SIZE,2.3,5,A4,Z,274,13.9
VOLVO,V70 T5 TURBO,STATION WAGON - MID-SIZE,2.3,5,M5,Z,260,13
VOLVO,V70R AWD TURBO,STATION WAGON - MID-SIZE,2.4,5,A5,Z,299,14.7
